frameNo, fps, batches, triangles, vertices, shadowCasters, renderTextureChanges, frameTime, renderTime, renderTextureCount, renderTextureBytes, usedTextureMemorySize, usedTextureCount, screenRes, screenBytes, vboTotal, vboTotalBytes, vboUploads, vboUploadBytes, ibUploads, ibUploadBytes, visibleSkinnedMeshes, drawCalls
0,50.0000011175871,943,663037,782386,1095,73,0.0064309,0.0029738,2,640000,0,0,1920x1080,24883200,0,0,63,3065256,61,520344,0,943
1,50.0000011175871,943,663037,782386,1095,73,0.0064309,0.0029738,2,640000,0,0,1920x1080,24883200,0,0,63,3065256,61,520344,0,943
2,1447.17807678678,139,300387,345159,286,31,0.1546911,0.0006563999,38,304334382,0,0,1920x1080,24883200,0,0,10,110368,10,9132,2,256
3,3.49565387700674,115,213683,221259,265,31,0.2772756,0.0048194,33,281491630,0,0,1920x1080,24883200,0,0,14,476496,12,14376,2,265
4,70.6788714675435,115,213683,221259,265,31,0.2772756,0.0048194,34,289786030,0,0,1920x1080,24883200,0,0,14,476496,12,14376,2,265
5,27.4784910937022,107,77176,85763,110,34,0.0029247,0.0009273,34,289786030,0,0,1920x1080,24883200,0,0,14,476496,12,14376,2,161
6,19.6187289385974,107,76982,85551,108,34,0.0414489,0.0007651999,34,289786030,0,0,1920x1080,24883200,0,0,10,110368,10,9132,2,163
7,18.3027826782544,107,76982,85551,108,34,0.0538248,0.0008227,34,289786030,0,0,1920x1080,24883200,0,0,10,110368,10,9132,2,163
8,46.5716306410222,102,75110,83032,100,34,0.00403,0.0010894,34,289786030,0,0,1920x1080,24883200,0,0,14,476496,12,14376,2,153
9,132.59082203972,102,75108,83028,99,34,0.0075818,0.0054648,34,289786030,0,0,1920x1080,24883200,0,0,14,476496,12,14376,2,154
10,62.9786383043716,101,75102,83016,99,34,0.0021015,0.000707,34,289786030,0,0,1920x1080,24883200,0,0,10,110368,10,9132,2,153
11,89.2076583166555,108,87872,90054,98,34,0.0111775,0.0089823,34,289786030,0,0,1920x1080,24883200,0,0,14,476496,12,14376,2,159
12,43.8515699532922,104,74914,82752,98,34,0.0028453,0.0007536,34,289786030,0,0,1920x1080,24883200,0,0,10,110368,10,9132,2,155
13,65.6254098143234,107,86446,88235,96,34,0.0027084,0.0009195,34,289786030,0,0,1920x1080,24883200,0,0,10,110368,10,9132,2,159
14,60.0618653950627,106,85992,87579,95,34,0.0023561,0.0007673,34,289786030,0,0,1920x1080,24883200,0,0,10,110368,10,9132,2,156
15,62.0166605020145,106,85956,87507,93,34,0.0027168,0.0009602,34,289786030,0,0,1920x1080,24883200,0,0,10,110368,10,9132,2,155
16,57.7634025294403,106,85956,87507,93,34,0.0025336,0.0008292,34,289786030,0,0,1920x1080,24883200,0,0,10,110368,10,9132,2,155
17,56.9100133871391,106,85424,87101,92,34,0.0021111,0.0006853,34,289786030,0,0,1920x1080,24883200,0,0,10,110368,10,9132,2,155
18,58.2214537022186,106,85424,87101,92,34,0.0023943,0.0007603,34,289786030,0,0,1920x1080,24883200,0,0,10,110368,10,9132,2,155
19,66.1879088887448,105,85292,86909,91,34,0.0019131,0.000712,34,289786030,0,0,1920x1080,24883200,0,0,10,110368,10,9132,2,155
20,56.6723168231213,105,85292,86909,91,34,0.0018645,0.0006189001,34,289786030,0,0,1920x1080,24883200,0,0,10,110368,10,9132,2,155
21,62.9096967855493,105,84038,85231,91,34,0.001824,0.0006212,34,289786030,0,0,1920x1080,24883200,0,0,10,110368,10,9132,2,155
22,60.2246382932564,106,84038,85231,91,34,0.0020014,0.0006255,34,289786030,0,0,1920x1080,24883200,0,0,10,110368,10,9132,2,156
23,33.2546311084848,106,84036,85227,91,34,0.0024454,0.0007174,34,289786030,0,0,1920x1080,24883200,0,0,10,110368,10,9132,2,155
24,145.951310272148,104,77728,78613,88,34,0.006769,0.0053241,34,289786030,0,0,1920x1080,24883200,0,0,14,476496,12,14376,2,152
25,78.4966301569572,105,77728,78613,88,34,0.0017888,0.0005992,34,289786030,0,0,1920x1080,24883200,0,0,10,110368,10,9132,2,153
26,56.397125345069,105,77728,78613,88,34,0.0015534,0.0005762,34,289786030,0,0,1920x1080,24883200,0,0,10,110368,10,9132,2,153
27,64.428424111049,105,76474,76935,87,34,0.0020584,0.0005791,34,289786030,0,0,1920x1080,24883200,0,0,10,110368,10,9132,2,154
28,56.9514999190076,105,76358,76842,86,34,0.0020656,0.0005405,34,289786030,0,0,1920x1080,24883200,0,0,10,110368,10,9132,2,153
29,59.6908042273474,105,76170,76578,85,34,0.0022837,0.0006131,34,289786030,0,0,1920x1080,24883200,0,0,10,110368,10,9132,2,153
30,61.9359930836509,106,76170,76578,85,34,0.001552,0.0005816001,34,289786030,0,0,1920x1080,24883200,0,0,10,110368,10,9132,2,154
31,55.899335345985,106,76170,76578,85,34,0.0022585,0.0005596,34,289786030,0,0,1920x1080,24883200,0,0,10,110368,10,9132,2,154
32,63.0640316086675,106,76152,76542,84,34,0.0015639,0.0005800001,34,289786030,0,0,1920x1080,24883200,0,0,10,110368,10,9132,2,153
33,62.9342466190205,106,76152,76542,84,34,0.002004,0.0005807,34,289786030,0,0,1920x1080,24883200,0,0,10,110368,10,9132,2,153
34,59.3972388136239,106,76152,76542,84,34,0.0016125,0.0005909,34,289786030,0,0,1920x1080,24883200,0,0,10,110368,10,9132,2,153
35,58.7727051293869,106,76152,76542,84,34,0.0018957,0.0006573,34,289786030,0,0,1920x1080,24883200,0,0,10,110368,10,9132,2,153
36,60.4266099938129,106,76152,76542,84,34,0.0016558,0.0005622,34,289786030,0,0,1920x1080,24883200,0,0,10,110368,10,9132,2,153
37,58.9775677559231,106,76152,76542,84,34,0.0014925,0.0005398,34,289786030,0,0,1920x1080,24883200,0,0,10,110368,10,9132,2,153
38,58.3737059014893,106,76152,76542,84,34,0.0021713,0.00063,34,289786030,0,0,1920x1080,24883200,0,0,10,110368,10,9132,2,153
39,62.6676397077328,106,76152,76542,84,34,0.0021347,0.0005225,34,289786030,0,0,1920x1080,24883200,0,0,10,110368,10,9132,2,153
40,55.1593267259106,106,76152,76542,84,34,0.0021451,0.0005868,34,289786030,0,0,1920x1080,24883200,0,0,10,110368,10,9132,2,153
41,67.4486195588729,106,76152,76542,84,34,0.0015522,0.0005676,34,289786030,0,0,1920x1080,24883200,0,0,10,110368,10,9132,2,153
42,57.3042928887273,105,76152,76542,84,34,0.0022347,0.0005918,34,289786030,0,0,1920x1080,24883200,0,0,10,110368,10,9132,2,152
43,64.3074428848236,105,76152,76542,84,34,0.0019239,0.0005344,34,289786030,0,0,1920x1080,24883200,0,0,10,110368,10,9132,2,152
44,54.2734945997525,105,76152,76542,84,34,0.0022903,0.0006862,34,289786030,0,0,1920x1080,24883200,0,0,10,110368,10,9132,2,152
45,65.1410624295463,105,76152,76542,84,34,0.0015558,0.0005534,34,289786030,0,0,1920x1080,24883200,0,0,10,110368,10,9132,2,152
46,61.7303027236853,105,76156,76554,84,34,0.0019729,0.0005591,34,289786030,0,0,1920x1080,24883200,0,0,10,110368,10,9132,2,152
47,59.0269980962789,105,76156,76554,84,34,0.0020199,0.0007329,34,289786030,0,0,1920x1080,24883200,0,0,10,110368,10,9132,2,152
48,60.4551069203509,105,76156,76554,84,34,0.0016135,0.0005796,34,289786030,0,0,1920x1080,24883200,0,0,10,110368,10,9132,2,152
49,57.8161656468508,105,76156,76554,84,34,0.0018074,0.0006154,34,289786030,0,0,1920x1080,24883200,0,0,10,110368,10,9132,2,152
50,59.0301328376395,105,76156,76554,84,34,0.0018261,0.0006497,34,289786030,0,0,1920x1080,24883200,0,0,10,110368,10,9132,2,152
51,60.1301242036023,105,76156,76554,84,34,0.0016418,0.0005737,34,289786030,0,0,1920x1080,24883200,0,0,10,110368,10,9132,2,152
52,57.1892645385938,105,76156,76554,84,34,0.0018637,0.0005372,34,289786030,0,0,1920x1080,24883200,0,0,10,110368,10,9132,2,152
53,67.5780712193644,105,76156,76554,84,34,0.0019534,0.0006098,34,289786030,0,0,1920x1080,24883200,0,0,10,110368,10,9132,2,152
54,58.1868931175992,105,76156,76554,84,34,0.0017538,0.0006093,34,289786030,0,0,1920x1080,24883200,0,0,10,110368,10,9132,2,152
55,54.3363068276069,105,76156,76554,84,34,0.0026816,0.0005893,34,289786030,0,0,1920x1080,24883200,0,0,10,110368,10,9132,2,152
56,63.8109164297944,105,76156,76554,84,34,0.0022671,0.0005692,34,289786030,0,0,1920x1080,24883200,0,0,10,110368,10,9132,2,152
57,54.7531179811578,105,76156,76554,84,34,0.0021876,0.0006834,34,289786030,0,0,1920x1080,24883200,0,0,10,110368,10,9132,2,152
58,64.7676783932595,105,76156,76554,84,34,0.0016813,0.000602,34,289786030,0,0,1920x1080,24883200,0,0,10,110368,10,9132,2,152
59,63.6205191260586,105,76156,76554,84,34,0.0016684,0.0005406,34,289786030,0,0,1920x1080,24883200,0,0,10,110368,10,9132,2,152
60,58.9726959968013,105,76156,76554,84,34,0.0018269,0.000571,34,289786030,0,0,1920x1080,24883200,0,0,10,110368,10,9132,2,152
61,64.7546753985481,105,76156,76554,84,34,0.002993,0.0006742001,34,289786030,0,0,1920x1080,24883200,0,0,10,110368,10,9132,2,152
62,55.6882772885009,105,76156,76554,84,34,0.0019667,0.0005741,34,289786030,0,0,1920x1080,24883200,0,0,10,110368,10,9132,2,152
63,58.3246788899829,105,76156,76554,84,34,0.0022191,0.0005661,34,289786030,0,0,1920x1080,24883200,0,0,10,110368,10,9132,2,152
64,63.6184911492748,105,76156,76554,84,34,0.0022224,0.0005405,34,289786030,0,0,1920x1080,24883200,0,0,10,110368,10,9132,2,152
65,58.214332518462,105,76156,76554,84,34,0.0021722,0.0006265,34,289786030,0,0,1920x1080,24883200,0,0,10,110368,10,9132,2,152
66,61.3267411986675,105,76156,76554,84,34,0.0016389,0.0005697,34,289786030,0,0,1920x1080,24883200,0,0,10,110368,10,9132,2,152
67,60.6082640328885,105,76156,76554,84,34,0.0016943,0.0006019,34,289786030,0,0,1920x1080,24883200,0,0,10,110368,10,9132,2,152
68,55.3789571048223,105,76156,76554,84,34,0.0022451,0.0005543,34,289786030,0,0,1920x1080,24883200,0,0,10,110368,10,9132,2,152
69,67.9795804562742,105,76156,76554,84,34,0.0018687,0.0005815,34,289786030,0,0,1920x1080,24883200,0,0,10,110368,10,9132,2,152
70,53.57161757831,106,76156,76554,84,34,0.0025993,0.0006056,34,289786030,0,0,1920x1080,24883200,0,0,10,110368,10,9132,2,153
71,37.1374458083152,106,76156,76554,84,34,0.0018239,0.0006295,34,289786030,0,0,1920x1080,24883200,0,0,10,110368,10,9132,2,153
72,171.614899147609,106,76156,76554,84,34,0.0058272,0.0044513,34,289786030,0,0,1920x1080,24883200,0,0,14,476880,12,14400,2,153
73,63.9823885756467,106,76156,76554,84,34,0.0017242,0.000654,34,289786030,0,0,1920x1080,24883200,0,0,10,110368,10,9132,2,153
74,59.4555060121533,106,76156,76554,84,34,0.0015742,0.0005785,34,289786030,0,0,1920x1080,24883200,0,0,10,110368,10,9132,2,153
75,56.5083496689099,106,76156,76554,84,34,0.0017685,0.0006581,34,289786030,0,0,1920x1080,24883200,0,0,10,110368,10,9132,2,153
76,62.8251176469625,106,76156,76554,84,34,0.001552,0.0005524001,34,289786030,0,0,1920x1080,24883200,0,0,10,110368,10,9132,2,153
77,63.6160637782927,106,76156,76554,84,34,0.0021084,0.0005471,34,289786030,0,0,1920x1080,24883200,0,0,10,110368,10,9132,2,153
78,57.7070695366481,106,76156,76554,84,34,0.0022117,0.0006629,34,289786030,0,0,1920x1080,24883200,0,0,10,110368,10,9132,2,153
79,56.5582063303324,106,76156,76554,84,34,0.0018011,0.0005684,34,289786030,0,0,1920x1080,24883200,0,0,10,110368,10,9132,2,153
80,60.9161785865478,106,76156,76554,84,34,0.0022849,0.0006384,34,289786030,0,0,1920x1080,24883200,0,0,10,110368,10,9132,2,153
81,65.8067902828417,106,76156,76554,84,34,0.0022122,0.0007201,34,289786030,0,0,1920x1080,24883200,0,0,10,110368,10,9132,2,153
82,56.7556237256647,106,76156,76554,84,34,0.0019353,0.0006217,34,289786030,0,0,1920x1080,24883200,0,0,10,110368,10,9132,2,153
83,60.179334043553,106,76156,76554,84,34,0.0038588,0.0006637,34,289786030,0,0,1920x1080,24883200,0,0,10,110368,10,9132,2,153
84,59.8798804077451,106,76156,76554,84,34,0.0016219,0.0006044001,34,289786030,0,0,1920x1080,24883200,0,0,10,110368,10,9132,2,153
85,57.8181705787677,106,76156,76554,84,34,0.0017367,0.0006488,34,289786030,0,0,1920x1080,24883200,0,0,10,110368,10,9132,2,153
86,61.3843371933204,107,79531,81225,95,34,0.0017449,0.0005813,34,289786030,0,0,1920x1080,24883200,0,0,10,110368,10,9132,2,158
87,61.2253664882835,123,110619,115532,157,34,0.0017672,0.0006263,34,289786030,0,0,1920x1080,24883200,0,0,10,110368,10,9132,2,202
88,58.6444918980686,123,116918,122548,170,34,0.0015616,0.0005734001,34,289786030,0,0,1920x1080,24883200,0,0,10,110368,10,9132,2,211
89,59.2905327248684,378,542984,633229,852,34,0.0029968,0.0012566,34,289786030,0,0,1920x1080,24883200,0,0,13,156160,13,24036,2,687
90,61.3764283453966,106,74402,74863,83,34,0.0017786,0.0006497,34,289786030,0,0,1920x1080,24883200,0,0,10,110368,10,9132,2,151
91,60.4288000648331,107,79413,81128,93,34,0.0017862,0.0006468,34,289786030,0,0,1920x1080,24883200,0,0,10,110368,10,9132,2,153
92,60.4028898650183,129,119868,127039,178,34,0.0021169,0.0006560999,34,289786030,0,0,1920x1080,24883200,0,0,10,110368,10,9132,2,220
93,59.5542971823933,129,118290,125280,173,34,0.0019683,0.0008026999,34,289786030,0,0,1920x1080,24883200,0,0,10,110368,10,9132,2,214
94,58.2866036687048,129,118290,125280,173,34,0.0016591,0.0005955001,34,289786030,0,0,1920x1080,24883200,0,0,10,110368,10,9132,2,214
95,66.2400798131951,129,118290,125280,173,34,0.0017557,0.0006119,34,289786030,0,0,1920x1080,24883200,0,0,10,110368,10,9132,2,214
96,57.5774868301388,129,118290,125280,173,34,0.0016254,0.0005986,34,289786030,0,0,1920x1080,24883200,0,0,10,110368,10,9132,2,214
97,61.9348427226597,128,118290,125280,173,34,0.0021781,0.0006322,34,289786030,0,0,1920x1080,24883200,0,0,10,110368,10,9132,2,213
98,58.9946122880271,128,118290,125280,173,34,0.0023894,0.0006118,34,289786030,0,0,1920x1080,24883200,0,0,10,110368,10,9132,2,213
99,54.1157747210301,128,118290,125280,173,34,0.0024799,0.0006659999,34,289786030,0,0,1920x1080,24883200,0,0,10,110368,10,9132,2,213
100,67.5037143199682,128,118290,125280,173,34,0.0016706,0.0005983,34,289786030,0,0,1920x1080,24883200,0,0,10,110368,10,9132,2,213
101,54.3448706453168,128,118290,125280,173,34,0.0024568,0.0005816999,34,289786030,0,0,1920x1080,24883200,0,0,10,110368,10,9132,2,213
102,63.857366624065,128,118290,125280,173,34,0.0029841,0.00063,34,289786030,0,0,1920x1080,24883200,0,0,10,110368,10,9132,2,213
103,57.2223143944461,128,118290,125280,173,34,0.0023452,0.0005739,34,289786030,0,0,1920x1080,24883200,0,0,10,110368,10,9132,2,213
104,61.6249236677322,128,118290,125280,173,34,0.0034029,0.0008083,34,289786030,0,0,1920x1080,24883200,0,0,10,110368,10,9132,2,213
105,58.8851869681304,128,118290,125280,173,34,0.0024406,0.0005875,34,289786030,0,0,1920x1080,24883200,0,0,10,110368,10,9132,2,213
106,61.5021299516823,128,117562,124190,172,34,0.0022778,0.0006786,34,289786030,0,0,1920x1080,24883200,0,0,10,110368,10,9132,2,213
107,59.5862357993612,128,117562,124190,172,34,0.0019241,0.0005861,34,289786030,0,0,1920x1080,24883200,0,0,10,110368,10,9132,2,213
108,60.2605669357306,128,118290,125280,173,34,0.0017477,0.0006431001,34,289786030,0,0,1920x1080,24883200,0,0,10,110368,10,9132,2,213
109,58.6651327746167,128,118290,125280,173,34,0.0022341,0.0006034,34,289786030,0,0,1920x1080,24883200,0,0,10,110368,10,9132,2,213
110,63.14486609952,128,117562,124190,172,34,0.0023988,0.0006569,34,289786030,0,0,1920x1080,24883200,0,0,10,110368,10,9132,2,213
111,58.342039145728,128,117562,124190,172,34,0.0024403,0.0006015,34,289786030,0,0,1920x1080,24883200,0,0,10,110368,10,9132,2,213
112,62.7427380315453,128,117562,124190,172,34,0.0020041,0.0006172,34,289786030,0,0,1920x1080,24883200,0,0,10,110368,10,9132,2,213
113,59.3827785257407,128,117562,124190,172,34,0.0024396,0.0006299,34,289786030,0,0,1920x1080,24883200,0,0,10,110368,10,9132,2,213
114,55.7867597930343,128,117562,124190,172,34,0.0024117,0.000745,34,289786030,0,0,1920x1080,24883200,0,0,10,110368,10,9132,2,213
115,67.9777298513108,128,117562,124190,172,34,0.0020635,0.0006589,34,289786030,0,0,1920x1080,24883200,0,0,10,110368,10,9132,2,213
116,54.9601552603578,128,117562,124190,172,34,0.0024083,0.0006146,34,289786030,0,0,1920x1080,24883200,0,0,10,110368,10,9132,2,213
117,54.3023751217925,128,117562,124190,172,34,0.0023987,0.0007698,34,289786030,0,0,1920x1080,24883200,0,0,10,110368,10,9132,2,213
118,69.9657856720709,128,117562,124190,172,34,0.0018062,0.0005875,34,289786030,0,0,1920x1080,24883200,0,0,10,110368,10,9132,2,213
119,53.8967333236088,128,120988,129055,177,34,0.0049526,0.0007707999,34,289786030,0,0,1920x1080,24883200,0,0,10,110368,10,9132,2,217
120,66.5898667404913,132,133236,143987,218,34,0.0015701,0.0005895999,34,289786030,0,0,1920x1080,24883200,0,0,11,120544,11,12444,2,237
121,60.4832627807247,198,242873,275562,526,34,0.0021665,0.0007839,34,289786030,0,0,1920x1080,24883200,0,0,12,145984,12,20724,2,386
122,62.6181924977498,376,524882,619497,904,34,0.0029909,0.0013413,34,289786030,0,0,1920x1080,24883200,0,0,13,163792,13,26520,2,640
123,37.9118172360738,376,529024,624710,903,34,0.0264072,0.0241971,34,289786030,0,0,1920x1080,24883200,0,0,17,530304,15,31788,2,652
124,58.6400208751872,389,529182,622826,890,34,0.0026041,0.0012868,34,289786030,0,0,1920x1080,24883200,0,0,13,163792,13,26520,2,666
125,59.0367538824624,392,529425,623424,887,34,0.0025696,0.0012608,34,289786030,0,0,1920x1080,24883200,0,0,13,163792,13,26520,2,676
126,65.0144321936845,392,529425,623424,887,34,0.0027351,0.0013963,34,289786030,0,0,1920x1080,24883200,0,0,13,163792,13,26520,2,676
127,58.3502062855131,390,528008,619749,851,34,0.0027043,0.0013365,34,289786030,0,0,1920x1080,24883200,0,0,13,161248,13,25692,2,688
128,54.8275648593968,390,528008,619749,851,34,0.0031335,0.0014824,34,289786030,0,0,1920x1080,24883200,0,0,13,161248,13,25692,2,688
129,62.1044702603069,390,528008,619749,851,34,0.002414,0.0012332,34,289786030,0,0,1920x1080,24883200,0,0,13,161248,13,25692,2,688
130,58.2991801511865,390,528008,619749,851,34,0.0025903,0.0012762,34,289786030,0,0,1920x1080,24883200,0,0,13,161248,13,25692,2,688
131,59.9150376813354,390,528008,619749,851,34,0.002344,0.001177,34,289786030,0,0,1920x1080,24883200,0,0,13,161248,13,25692,2,688
132,61.3075665446958,390,528008,619749,851,34,0.0023043,0.001179,34,289786030,0,0,1920x1080,24883200,0,0,13,161248,13,25692,2,688
133,56.8621183615917,390,528008,619749,851,34,0.0031263,0.001444,34,289786030,0,0,1920x1080,24883200,0,0,13,161248,13,25692,2,688
134,65.0834034027044,390,528008,619749,851,34,0.002311,0.0011807,34,289786030,0,0,1920x1080,24883200,0,0,13,161248,13,25692,2,688
135,59.917913033851,388,523434,615350,845,34,0.0025819,0.0013091,34,289786030,0,0,1920x1080,24883200,0,0,13,161248,13,25692,2,695
136,55.5290221832311,391,524944,617118,841,34,0.0028232,0.0013021,34,289786030,0,0,1920x1080,24883200,0,0,13,161248,13,25692,2,684
137,67.832942505213,384,513867,604185,812,34,0.0029379,0.0012835,34,289786030,0,0,1920x1080,24883200,0,0,13,161248,13,25692,2,680
138,59.9448477520469,376,516906,610531,802,34,0.0027458,0.0012391,34,289786030,0,0,1920x1080,24883200,0,0,13,161248,13,25692,2,674
139,58.8695869859255,351,547952,646383,800,34,0.0026015,0.0011793,34,289786030,0,0,1920x1080,24883200,0,0,13,153616,13,23208,2,632
140,56.7562657280144,165,405064,467514,380,31,0.0018588,0.0006073,34,289786030,0,0,1920x1080,24883200,0,0,10,110368,10,9132,2,386
141,61.1067664414734,144,363925,418600,223,31,0.0015179,0.0004789,33,281491630,0,0,1920x1080,24883200,0,0,10,110368,10,9132,2,270
142,64.5436104735346,147,364847,420143,224,31,0.0015029,0.0004681,33,281491630,0,0,1920x1080,24883200,0,0,10,110368,10,9132,2,269
143,54.8098378422967,147,371213,427460,227,31,0.0019477,0.000518,33,281491630,0,0,1920x1080,24883200,0,0,10,110368,10,9132,2,272
144,62.328595724159,145,363555,416834,240,31,0.0015248,0.0004768,33,281491630,0,0,1920x1080,24883200,0,0,10,110368,10,9132,2,279
145,59.0054079314643,147,340251,392514,244,31,0.0016919,0.0005088,33,281491630,0,0,1920x1080,24883200,0,0,10,110368,10,9132,2,283
146,63.9410714598351,147,340251,392514,244,31,0.001446,0.0004551,33,281491630,0,0,1920x1080,24883200,0,0,10,110368,10,9132,2,283
147,58.2628326799165,147,340251,392514,244,31,0.0014858,0.0004665,33,281491630,0,0,1920x1080,24883200,0,0,10,110368,10,9132,2,283
148,57.2259191498597,145,363555,416834,240,31,0.0018116,0.0006679,33,281491630,0,0,1920x1080,24883200,0,0,10,110368,10,9132,2,279
149,64.9975289552198,145,363555,416834,240,31,0.0015651,0.0004835,33,281491630,0,0,1920x1080,24883200,0,0,10,110368,10,9132,2,279
150,56.2530929089706,145,363555,416834,240,31,0.0015763,0.0005175,33,281491630,0,0,1920x1080,24883200,0,0,10,110368,10,9132,2,279
151,64.8470593635186,145,363555,416834,240,31,0.0016767,0.000544,33,281491630,0,0,1920x1080,24883200,0,0,10,110368,10,9132,2,279
152,54.7252511035345,145,363555,416834,240,31,0.0019995,0.0007455,33,281491630,0,0,1920x1080,24883200,0,0,10,110368,10,9132,2,279
153,61.5972145398414,145,363555,416834,240,31,0.0015019,0.0004767,33,281491630,0,0,1920x1080,24883200,0,0,10,110368,10,9132,2,279
154,62.0243482729344,145,357281,410274,238,31,0.001859,0.000519,33,281491630,0,0,1920x1080,24883200,0,0,10,110368,10,9132,2,279
155,60.6560531840843,145,357281,410274,238,31,0.0016892,0.0005273001,33,281491630,0,0,1920x1080,24883200,0,0,10,110368,10,9132,2,279
156,58.8879578625003,145,357281,410274,238,31,0.0015256,0.0005339,33,281491630,0,0,1920x1080,24883200,0,0,10,110368,10,9132,2,279
157,62.4449737970462,145,357281,410274,238,31,0.0015815,0.000553,33,281491630,0,0,1920x1080,24883200,0,0,10,110368,10,9132,2,279
158,59.3443658596545,145,357281,410274,238,31,0.0014768,0.0004614,33,281491630,0,0,1920x1080,24883200,0,0,10,110368,10,9132,2,279
159,58.5182017926789,145,357281,410274,238,31,0.0016872,0.0004970001,33,281491630,0,0,1920x1080,24883200,0,0,10,110368,10,9132,2,279
160,62.0755603059338,145,357281,410274,238,31,0.0015109,0.0004716999,33,281491630,0,0,1920x1080,24883200,0,0,10,110368,10,9132,2,279
161,57.762731325698,145,357281,410274,238,31,0.0018122,0.0006508,33,281491630,0,0,1920x1080,24883200,0,0,10,110368,10,9132,2,279
162,62.8835898320077,145,357281,410274,238,31,0.001621,0.0005026,33,281491630,0,0,1920x1080,24883200,0,0,10,110368,10,9132,2,279
163,56.6970586688469,145,357281,410274,238,31,0.0015254,0.0004595999,33,281491630,0,0,1920x1080,24883200,0,0,10,110368,10,9132,2,279
164,59.3803089580309,145,357281,410274,238,31,0.0014593,0.0004626,33,281491630,0,0,1920x1080,24883200,0,0,10,110368,10,9132,2,279
165,61.2850247082554,145,357281,410274,238,31,0.0016547,0.000524,33,281491630,0,0,1920x1080,24883200,0,0,10,110368,10,9132,2,279
166,60.5341514437033,145,357281,410274,238,31,0.0014498,0.0004623,33,281491630,0,0,1920x1080,24883200,0,0,10,110368,10,9132,2,279
167,60.5191323640579,145,357281,410274,238,31,0.0016399,0.0005259,33,281491630,0,0,1920x1080,24883200,0,0,10,110368,10,9132,2,279
168,62.2897692821588,145,357281,410274,238,31,0.0014724,0.0004675001,33,281491630,0,0,1920x1080,24883200,0,0,10,110368,10,9132,2,279
169,57.0799035426012,145,357281,410274,238,31,0.0018171,0.0005659,33,281491630,0,0,1920x1080,24883200,0,0,10,110368,10,9132,2,279
170,59.7221719535537,145,357281,410274,238,31,0.0017368,0.0005408,33,281491630,0,0,1920x1080,24883200,0,0,10,110368,10,9132,2,279
171,56.7962364556805,145,357281,410274,238,31,0.0023495,0.0005909,33,281491630,0,0,1920x1080,24883200,0,0,10,110368,10,9132,2,279
172,65.0766266977477,145,351939,406152,256,31,0.0014924,0.0004395,33,281491630,0,0,1920x1080,24883200,0,0,10,110368,10,9132,2,275
173,59.0196849943583,145,352691,407208,259,31,0.0018094,0.0005997001,33,281491630,0,0,1920x1080,24883200,0,0,10,110368,10,9132,2,279
174,56.9369075401213,217,447153,543022,636,31,0.0019363,0.0006939,33,281491630,0,0,1920x1080,24883200,0,0,13,156160,13,24036,2,466
175,65.8687772318475,389,510303,572451,874,34,0.0025504,0.0012533,34,289786030,0,0,1920x1080,24883200,0,0,13,163792,13,26520,2,740
176,57.2216618053864,410,443514,486988,773,34,0.0028836,0.0013022,34,289786030,0,0,1920x1080,24883200,0,0,13,163792,13,26520,2,783
177,62.9199893068898,263,243344,261283,364,34,0.0024621,0.0010219,34,289786030,0,0,1920x1080,24883200,0,0,12,125632,12,14100,2,448
178,60.0322946292841,127,82125,81861,84,34,0.0018392,0.0006944,34,289786030,0,0,1920x1080,24883200,0,0,10,110368,10,9132,2,175
179,56.313596773011,99,72339,71952,73,34,0.0015316,0.0005723001,34,289786030,0,0,1920x1080,24883200,0,0,10,110368,10,9132,2,140
180,60.5664188675124,99,70973,70122,73,34,0.0018106,0.0006766,34,289786030,0,0,1920x1080,24883200,0,0,10,110368,10,9132,2,141
181,59.0838450578952,99,70973,70122,73,34,0.0016359,0.0006097,34,289786030,0,0,1920x1080,24883200,0,0,10,110368,10,9132,2,141
182,63.3625231381928,99,70973,70122,73,34,0.0017825,0.0006617,34,289786030,0,0,1920x1080,24883200,0,0,10,110368,10,9132,2,141
183,57.3585243028382,99,70973,70122,73,34,0.0018165,0.0005664,34,289786030,0,0,1920x1080,24883200,0,0,10,110368,10,9132,2,141
184,58.8418747999772,99,70973,70122,73,34,0.0029826,0.0005921,34,289786030,0,0,1920x1080,24883200,0,0,10,110368,10,9132,2,141
185,65.9465316497242,99,70973,70122,73,34,0.0021111,0.0007657,34,289786030,0,0,1920x1080,24883200,0,0,10,110368,10,9132,2,141
186,60.7160828190074,99,70973,70122,73,34,0.001788,0.0006161,34,289786030,0,0,1920x1080,24883200,0,0,10,110368,10,9132,2,141
187,56.5985428854444,99,70973,70122,73,34,0.0022533,0.0005775,34,289786030,0,0,1920x1080,24883200,0,0,10,110368,10,9132,2,141
188,57.234106254175,99,70973,70122,73,34,0.0022277,0.0006158,34,289786030,0,0,1920x1080,24883200,0,0,10,110368,10,9132,2,141
189,63.1026280160054,99,70973,70122,73,34,0.0015669,0.0005845,34,289786030,0,0,1920x1080,24883200,0,0,10,110368,10,9132,2,141
190,57.4745674908846,99,70973,70122,73,34,0.0022742,0.0005836,34,289786030,0,0,1920x1080,24883200,0,0,10,110368,10,9132,2,141
191,63.0612463710509,107,73996,73772,79,34,0.0017769,0.0006366,34,289786030,0,0,1920x1080,24883200,0,0,10,110368,10,9132,2,151
192,58.1676019781307,122,79194,78337,81,34,0.0015659,0.0006142,34,289786030,0,0,1920x1080,24883200,0,0,10,110368,10,9132,2,167
193,63.8373969007042,172,158086,165346,198,34,0.0018944,0.0007429,34,289786030,0,0,1920x1080,24883200,0,0,10,110368,10,9132,2,268
194,56.3732838109187,390,406424,442730,672,34,0.0029835,0.0013398,34,289786030,0,0,1920x1080,24883200,0,0,13,140896,13,19068,2,759
195,57.7130620690367,413,482082,535964,856,34,0.0029139,0.0013051,34,289786030,0,0,1920x1080,24883200,0,0,13,163792,13,26520,2,770
196,65.7354129329586,168,389781,462933,417,31,0.0018075,0.0006551,34,289786030,0,0,1920x1080,24883200,0,0,10,110368,10,9132,2,424
197,58.8508792045745,148,344790,401203,264,31,0.0021534,0.0006301,33,281491630,0,0,1920x1080,24883200,0,0,10,110368,10,9132,2,281
198,63.8585895110658,144,357631,411404,224,31,0.0014859,0.0004717,33,281491630,0,0,1920x1080,24883200,0,0,10,110368,10,9132,2,274
199,56.8230231549695,139,309304,353535,247,31,0.0017457,0.0005245,33,281491630,0,0,1920x1080,24883200,0,0,10,110368,10,9132,2,275
200,60.3336445889454,138,364395,415547,259,31,0.0015707,0.0004998,33,281491630,0,0,1920x1080,24883200,0,0,10,110368,10,9132,2,274
201,62.6990662483232,139,354092,408377,243,31,0.0015708,0.0005442,33,281491630,0,0,1920x1080,24883200,0,0,10,110368,10,9132,2,279
202,59.1561937047744,121,290109,334496,247,31,0.00169,0.0004718,33,281491630,0,0,1920x1080,24883200,0,0,10,110368,10,9132,2,233
203,59.1495458437122,97,173293,176174,197,31,0.0016022,0.0004684,33,281491630,0,0,1920x1080,24883200,0,0,10,110368,10,9132,2,222
204,58.9358534816356,95,172213,174349,202,31,0.0014475,0.000441,33,281491630,0,0,1920x1080,24883200,0,0,10,110368,10,9132,2,229
205,60.4836239235664,96,172543,174777,207,31,0.0019315,0.0004694,33,281491630,0,0,1920x1080,24883200,0,0,10,110368,10,9132,2,235
206,62.1631555722753,95,172213,174349,202,31,0.0015023,0.0004566,33,281491630,0,0,1920x1080,24883200,0,0,10,110368,10,9132,2,229
207,57.9938790404015,97,173293,176174,197,31,0.0017039,0.0004986001,33,281491630,0,0,1920x1080,24883200,0,0,10,110368,10,9132,2,222
208,62.3332561236831,99,179425,184165,209,31,0.0019659,0.000564,33,281491630,0,0,1920x1080,24883200,0,0,10,110368,10,9132,2,218
209,59.6619556468394,99,178219,183132,217,31,0.0016105,0.000484,33,281491630,0,0,1920x1080,24883200,0,0,10,110368,10,9132,2,207
210,55.8228859822584,100,179691,185952,222,31,0.0020738,0.0006087,33,281491630,0,0,1920x1080,24883200,0,0,10,110368,10,9132,2,212
211,63.3874202507865,110,251397,272074,244,31,0.0018968,0.0004587,33,281491630,0,0,1920x1080,24883200,0,0,10,110368,10,9132,2,227
212,60.0153631556578,108,249459,270007,235,31,0.0014977,0.0004483,33,281491630,0,0,1920x1080,24883200,0,0,10,110368,10,9132,2,219
213,60.5319537298397,121,290109,334496,247,31,0.0017394,0.0004452,33,281491630,0,0,1920x1080,24883200,0,0,10,110368,10,9132,2,233
214,59.0622132951196,125,286195,329252,235,31,0.0015188,0.0004897,33,281491630,0,0,1920x1080,24883200,0,0,10,110368,10,9132,2,240
215,57.8948295142674,126,283135,325564,239,31,0.0014739,0.0004577,33,281491630,0,0,1920x1080,24883200,0,0,10,110368,10,9132,2,247
216,62.4071702040008,126,281719,324064,235,31,0.0014334,0.0004454,33,281491630,0,0,1920x1080,24883200,0,0,10,110368,10,9132,2,243
217,62.4321061447499,126,282065,324463,232,31,0.0014788,0.0004448,33,281491630,0,0,1920x1080,24883200,0,0,10,110368,10,9132,2,243
218,56.7804383805794,132,294584,341158,223,31,0.0019785,0.0005553,33,281491630,0,0,1920x1080,24883200,0,0,10,110368,10,9132,2,248
219,59.3771369157895,135,305086,357600,226,31,0.0020966,0.0004813,33,281491630,0,0,1920x1080,24883200,0,0,10,110368,10,9132,2,251
220,59.7785825639954,135,290564,337069,225,31,0.001592,0.0004887001,33,281491630,0,0,1920x1080,24883200,0,0,10,110368,10,9132,2,258
221,62.7714875964934,137,309379,354372,231,31,0.0015674,0.000554,33,281491630,0,0,1920x1080,24883200,0,0,10,110368,10,9132,2,269
222,60.9128403373091,143,348330,402458,251,31,0.0015068,0.0004662,33,281491630,0,0,1920x1080,24883200,0,0,10,110368,10,9132,2,284
223,57.0063667106404,139,354134,408447,243,31,0.0016728,0.0005103,33,281491630,0,0,1920x1080,24883200,0,0,10,110368,10,9132,2,280
224,62.9782393642947,137,348480,398696,252,31,0.001581,0.0005346001,33,281491630,0,0,1920x1080,24883200,0,0,10,110368,10,9132,2,282
225,57.6934141908772,135,336541,386216,249,31,0.0019543,0.0005346,33,281491630,0,0,1920x1080,24883200,0,0,10,110368,10,9132,2,276
226,60.023649861482,141,377675,431415,263,31,0.001579,0.0004834,33,281491630,0,0,1920x1080,24883200,0,0,10,110368,10,9132,2,282
227,52.9318959607591,141,372901,427541,256,31,0.0050207,0.0006883,33,281491630,0,0,1920x1080,24883200,0,0,10,110368,10,9132,2,280
228,71.8793577045987,145,361573,418087,288,31,0.0015456,0.0004909,33,281491630,0,0,1920x1080,24883200,0,0,10,110368,10,9132,2,281
229,59.3718443658994,144,360577,417135,292,31,0.0018484,0.0005361,33,281491630,0,0,1920x1080,24883200,0,0,10,110368,10,9132,2,287
230,64.0697093292532,142,354541,409558,290,31,0.0040052,0.0005576,33,281491630,0,0,1920x1080,24883200,0,0,10,110368,10,9132,2,279
231,54.5535876541459,142,354541,409558,290,31,0.0016515,0.0005052001,33,281491630,0,0,1920x1080,24883200,0,0,10,110368,10,9132,2,279
232,62.912468651921,142,354541,409558,290,31,0.0016325,0.0004996001,33,281491630,0,0,1920x1080,24883200,0,0,10,110368,10,9132,2,279
233,58.5908909746586,142,354541,409558,290,31,0.0016021,0.0005046,33,281491630,0,0,1920x1080,24883200,0,0,10,110368,10,9132,2,279
234,58.4761154768164,142,354541,409558,290,31,0.0016377,0.0005219,33,281491630,0,0,1920x1080,24883200,0,0,10,110368,10,9132,2,279
235,59.3116309571564,142,354541,409558,290,31,0.0017448,0.0004679,33,281491630,0,0,1920x1080,24883200,0,0,10,110368,10,9132,2,279
236,62.2335643599936,142,354541,409558,290,31,0.0014583,0.0004609001,33,281491630,0,0,1920x1080,24883200,0,0,10,110368,10,9132,2,279
237,62.5297043252774,142,354541,409558,290,31,0.0017139,0.0005359999,33,281491630,0,0,1920x1080,24883200,0,0,10,110368,10,9132,2,279
238,57.3479981537409,142,354541,409558,290,31,0.0015008,0.0004807999,33,281491630,0,0,1920x1080,24883200,0,0,10,110368,10,9132,2,279
239,60.1402480704005,142,354541,409558,290,31,0.0019691,0.0005643,33,281491630,0,0,1920x1080,24883200,0,0,10,110368,10,9132,2,279
240,58.792058557391,142,354541,409558,290,31,0.0018293,0.0006481,33,281491630,0,0,1920x1080,24883200,0,0,10,110368,10,9132,2,279
241,61.7314454990118,142,354541,409558,290,31,0.0022769,0.0005961,33,281491630,0,0,1920x1080,24883200,0,0,10,110368,10,9132,2,279
242,59.7735775784277,148,362901,420555,302,31,0.0018954,0.0005941,33,281491630,0,0,1920x1080,24883200,0,0,10,110368,10,9132,2,293
243,57.5950600092796,146,336005,385783,296,31,0.001862,0.0006574,33,281491630,0,0,1920x1080,24883200,0,0,10,110368,10,9132,2,296
244,61.0761650463181,147,334978,385312,321,31,0.0017822,0.0005588999,33,281491630,0,0,1920x1080,24883200,0,0,10,110368,10,9132,2,305
